company_name,email,position,job_link
vermeg,job@vermeg.com,N/A,https://www.recruter.tn/poste/dba-cloud-systems-lead/
N/A,rh@ec-tunis.com,N/A,https://www.recruter.tn/poste/enseignant-dinformatique-et-de-design/
N/A,talentsetventes@gmail.com,N/A,https://www.recruter.tn/poste/des-consultants-dataiku/
softtodo,recrutement@softtodo.com,N/A,https://www.recruter.tn/poste/devops-engineer-2/
N/A,contact@miraldev.com,N/A,https://www.recruter.tn/poste/ingenieure-infrastructure-devops/
WeHack Labs,wehacklabs@gmail.com,N/A,https://www.recruter.tn/poste/hiring-4-remote-interns/
Miral Development,contact@miraldev.com,N/A,https://www.recruter.tn/poste/ingenieure-en-intelligence-artificielle/
EagleProjects,cmassaoudi@eagleprojects.tn,N/A,https://www.recruter.tn/poste/robotics-ai-engineers/
N/A,mokrane.mimouni@qovoltis.com,N/A,https://www.recruter.tn/poste/developpeur-python/
N/A,rahma.bellili@peppermint.company,N/A,https://www.recruter.tn/poste/consultant-python/
N/A,rbenkhlifa@smartpoint.fr,N/A,https://www.recruter.tn/poste/un-data-engineer/
VNB-IT,recrutement@vnb-it.fr,N/A,https://www.recruter.tn/poste/developpeur-back-end/
N/A,chokri.gammoudi@st.com,N/A,https://www.recruter.tn/poste/summer-internship-2025/
